{"noiseKey":{"private":{"type":"Buffer","data":"YGBJUKKSSu1NyUws2JUp+HjNbo1TAUOFrsEe5IsK4nc="},"public":{"type":"Buffer","data":"JHkHgChmaurgg67vIbUD2IxYN3P1z+fqgnu+kNIX9RI="}},"signedIdentityKey":{"private":{"type":"Buffer","data":"MN0/NeHwOJYr8M0AusSJJo7kiS0JEUZo2Xq/AWV9Mnk="},"public":{"type":"Buffer","data":"TWbNuoR0bTsHlnVDlayUhkPH6GnqceIr47KiUIkaGxw="}},"signedPreKey":{"keyPair":{"private":{"type":"Buffer","data":"aG0S4VRzTsb6jC8F6Y4tysExqUEV7KlfB4fF17I39F4="},"public":{"type":"Buffer","data":"Xn5ZLbrI8y+WoA+9poGZt5Z0OsoOaStwIoKCJzQWbzo="}},"signature":{"type":"Buffer","data":"hDJKobCa7PYQLgXA217cBajP3xJgn5+oy63EaUpXlOM9sKtIgHZz5768FZZF6yvkTuNfnQtR1nPdAvUnn3VzCg=="},"keyId":1},"registrationId":178,"advSecretKey":"3TejZUBkFlIfs0Xi1VconJfW8cOtGkNBSg6yecib6L8=","processedHistoryMessages":[{"key":{"remoteJid":"6285797117956@s.whatsapp.net","fromMe":true,"id":"78455D04AB43973A36412AC69EF10A03"},"messageTimestamp":1673640873},{"key":{"remoteJid":"6285797117956@s.whatsapp.net","fromMe":true,"id":"9B1D91E7CDF374ED18B53529FECDC7E5"},"messageTimestamp":1673640874}],"nextPreKeyId":31,"firstUnuploadedPreKeyId":31,"accountSyncCounter":0,"accountSettings":{"unarchiveChats":false},"account":{"details":"CJevgqACEKT3hp4GGAE=","accountSignatureKey":"ZtL2hDd+A6GSs0Jx8cbQcEIX43i1hdjxTn5LtuboGTQ=","accountSignature":"bmTwMPBRmvAdadbyPtB+5t4NSbyVn//PXQgSR3+PevmYpqm4V/ryVvhhMwpdlmv0RpmXhFaztCwG2+KnNK83Cg==","deviceSignature":"XQEcHM2I6OBXFYdds+zgWQkbVndjtXE079SRYoliaLx31U6QhFs5Xh8eCYtJStedDAS70WBo5U6MCvP++JqeDA=="},"me":{"id":"6285797117956:73@s.whatsapp.net","name":"neoxr"},"signalIdentities":[{"identifier":{"name":"6285797117956:73@s.whatsapp.net","deviceId":0},"identifierKey":{"type":"Buffer","data":"BWbS9oQ3fgOhkrNCcfHG0HBCF+N4tYXY8U5+S7bm6Bk0"}}],"platform":"android","lastAccountSyncTimestamp":1673640872,"myAppStateKeyId":"AAAAAPzP"}